Date,Store Location,Department,Product,Total,Payment
01-05-2019,Yangon,Health,Beauty,548.97,Ewallet
03-08-2019,Naypyitaw,Electronic,Accessories,80.22,Cash
03-03-2019,Yangon,Home,Lifestyle,340.53,Credit card
1-27-2019,Yangon,Health,Beauty,489.05,Ewallet
02-08-2019,Yangon,Sports,Travel,634.38,Ewallet
3-25-2019,Naypyitaw,Electronic,Accessories,627.62,Ewallet
2-25-2019,Yangon,Electronic,Accessories,433.69,Ewallet
2-24-2019,Naypyitaw,Home,Lifestyle,772.38,Ewallet
01-10-2019,Yangon,Health,Beauty,76.15,Credit card
2-20-2019,Mandalay,Food,Beverages,172.75,Credit card
02-06-2019,Mandalay,Fashion,Accessories,60.82,Ewallet
03-09-2019,Mandalay,Electronic,Accessories,107.14,Cash
02-12-2019,Yangon,Electronic,Accessories,246.49,Ewallet
02-07-2019,Yangon,Food,Beverages,453.5,Ewallet
3-29-2019,Yangon,Health,Beauty,749.49,Cash
1-15-2019,Mandalay,Sports,Travel,590.44,Cash
03-11-2019,Yangon,Health,Beauty,506.64,Credit card
01-01-2019,Yangon,Sports,Travel,457.44,Credit card
1-21-2019,Yangon,Food,Beverages,172.21,Credit card
03-11-2019,Mandalay,Home,Lifestyle,84.63,Ewallet
2-25-2019,Naypyitaw,Electronic,Accessories,451.71,Ewallet
03-05-2019,Mandalay,Health,Beauty,277.14,Ewallet
3-15-2019,Mandalay,Home,Lifestyle,69.72,Credit card
2-17-2019,Yangon,Electronic,Accessories,181.44,Ewallet
03-02-2019,Yangon,Sports,Travel,279.18,Ewallet
3-22-2019,Yangon,Home,Lifestyle,441.76,Credit card
02-08-2019,Mandalay,Fashion,Accessories,35.2,Cash
03-10-2019,Yangon,Fashion,Accessories,184.11,Credit card
1-25-2019,Mandalay,Food,Beverages,463.89,Cash
3-15-2019,Yangon,Health,Beauty,235.21,Cash
2-25-2019,Mandalay,Fashion,Accessories,494.18,Credit card
1-28-2019,Mandalay,Sports,Travel,737.76,Cash
01-10-2019,Mandalay,Sports,Travel,703.75,Cash
3-15-2019,Yangon,Health,Beauty,202.82,Credit card
02-06-2019,Naypyitaw,Food,Beverages,417.56,Ewallet
01-07-2019,Naypyitaw,Sports,Travel,71.53,Ewallet
03-10-2019,Yangon,Sports,Travel,328.76,Ewallet
1-15-2019,Yangon,Electronic,Accessories,575.32,Ewallet
3-23-2019,Naypyitaw,Health,Beauty,461.33,Ewallet
03-03-2019,Mandalay,Home,Lifestyle,253.01,Cash
1-17-2019,Mandalay,Home,Lifestyle,91.06,Ewallet
02-02-2019,Naypyitaw,Home,Lifestyle,117.83,Cash
02-08-2019,Mandalay,Sports,Travel,435.46,Cash
03-04-2019,Naypyitaw,Food,Beverages,829.08,Cash
3-16-2019,Naypyitaw,Health,Beauty,32.28,Cash
03-09-2019,Mandalay,Electronic,Accessories,394.63,Cash
2-27-2019,Mandalay,Health,Beauty,535.72,Credit card
02-06-2019,Mandalay,Food,Beverages,189.09,Ewallet
02-10-2019,Mandalay,Electronic,Accessories,119.26,Credit card
3-19-2019,Naypyitaw,Fashion,Accessories,867.62,Ewallet
02-03-2019,Naypyitaw,Food,Beverages,671.79,Cash
02-10-2019,Yangon,Food,Beverages,234.1,Cash
3-22-2019,Mandalay,Fashion,Accessories,75.05,Ewallet
1-25-2019,Naypyitaw,Fashion,Accessories,16.2,Credit card
03-07-2019,Mandalay,Home,Lifestyle,33.94,Ewallet
2-28-2019,Naypyitaw,Electronic,Accessories,722.23,Cash
3-27-2019,Yangon,Home,Lifestyle,93.11,Cash
02-07-2019,Yangon,Health,Beauty,752.64,Ewallet
1-20-2019,Yangon,Home,Lifestyle,759.68,Cash
03-12-2019,Naypyitaw,Electronic,Accessories,192.84,Cash
2-15-2019,Naypyitaw,Sports,Travel,77.93,Credit card
2-24-2019,Naypyitaw,Home,Lifestyle,351.1,Ewallet
02-03-2019,Mandalay,Sports,Travel,520.41,Ewallet
03-06-2019,Yangon,Sports,Travel,166.01,Credit card
2-14-2019,Mandalay,Health,Beauty,318.11,Cash
3-13-2019,Yangon,Health,Beauty,166.64,Cash
02-10-2019,Naypyitaw,Health,Beauty,70.29,Ewallet
01-07-2019,Mandalay,Fashion,Accessories,614.94,Ewallet
1-24-2019,Yangon,Sports,Travel,827.09,Cash
02-02-2019,Yangon,Health,Beauty,19.25,Cash
01-06-2019,Naypyitaw,Food,Beverages,939.54,Credit card
02-11-2019,Naypyitaw,Fashion,Accessories,652.26,Cash
03-05-2019,Mandalay,Food,Beverages,152.84,Ewallet
03-09-2019,Naypyitaw,Electronic,Accessories,478.23,Cash
1-22-2019,Yangon,Home,Lifestyle,705.63,Ewallet
1-13-2019,Naypyitaw,Electronic,Accessories,437.33,Credit card
01-09-2019,Naypyitaw,Fashion,Accessories,463.43,Credit card
01-12-2019,Yangon,Fashion,Accessories,189.09,Credit card
03-05-2019,Naypyitaw,Food,Beverages,822.26,Ewallet
1-22-2019,Naypyitaw,Health,Beauty,107,Cash
1-21-2019,Naypyitaw,Health,Beauty,624.9,Credit card
1-26-2019,Mandalay,Food,Beverages,304.54,Ewallet
1-23-2019,Naypyitaw,Food,Beverages,161.7,Ewallet
2-23-2019,Naypyitaw,Food,Beverages,337.51,Credit card
03-09-2019,Naypyitaw,Sports,Travel,256.78,Cash
03-05-2019,Naypyitaw,Sports,Travel,610.49,Ewallet
3-25-2019,Naypyitaw,Fashion,Accessories,401.73,Cash
3-27-2019,Yangon,Food,Beverages,362.94,Credit card
01-02-2019,Yangon,Sports,Travel,44.59,Cash
2-27-2019,Mandalay,Health,Beauty,485.04,Cash
1-23-2019,Naypyitaw,Home,Lifestyle,199,Cash
1-26-2019,Naypyitaw,Sports,Travel,471.03,Ewallet
01-10-2019,Yangon,Sports,Travel,161.55,Ewallet
03-12-2019,Mandalay,Health,Beauty,608.2,Credit card
02-06-2019,Naypyitaw,Health,Beauty,94.24,Credit card
03-08-2019,Yangon,Electronic,Accessories,102.02,Ewallet
3-29-2019,Mandalay,Health,Beauty,922.64,Ewallet
02-09-2019,Naypyitaw,Electronic,Accessories,78.44,Cash
3-23-2019,Yangon,Food,Beverages,166.16,Ewallet
03-05-2019,Mandalay,Home,Lifestyle,521.01,Cash
3-26-2019,Naypyitaw,Fashion,Accessories,51.15,Cash
03-01-2019,Naypyitaw,Fashion,Accessories,742.3,Cash
02-01-2019,Naypyitaw,Electronic,Accessories,218.01,Cash
3-28-2019,Yangon,Food,Beverages,367.04,Cash
3-19-2019,Mandalay,Health,Beauty,223.07,Cash
01-12-2019,Yangon,Electronic,Accessories,931.04,Ewallet
01-05-2019,Naypyitaw,Fashion,Accessories,172.49,Credit card
3-22-2019,Yangon,Sports,Travel,391.42,Cash
3-24-2019,Naypyitaw,Food,Beverages,321.11,Cash
03-03-2019,Naypyitaw,Electronic,Accessories,860.69,Cash
02-05-2019,Mandalay,Sports,Travel,34.63,Ewallet
02-05-2019,Naypyitaw,Health,Beauty,309.36,Credit card
2-15-2019,Mandalay,Fashion,Accessories,535.37,Cash
1-19-2019,Yangon,Home,Lifestyle,548.76,Ewallet
02-01-2019,Naypyitaw,Home,Lifestyle,763.47,Credit card
03-02-2019,Naypyitaw,Fashion,Accessories,85.11,Credit card
03-05-2019,Mandalay,Fashion,Accessories,115.19,Ewallet
1-16-2019,Mandalay,Fashion,Accessories,53.93,Ewallet
02-02-2019,Yangon,Food,Beverages,115.08,Ewallet
1-20-2019,Mandalay,Home,Lifestyle,112.22,Ewallet
2-14-2019,Yangon,Electronic,Accessories,836.3,Credit card
01-12-2019,Naypyitaw,Sports,Travel,419.83,Credit card
03-09-2019,Mandalay,Sports,Travel,944.62,Credit card
3-13-2019,Naypyitaw,Home,Lifestyle,536.84,Credit card
03-09-2019,Mandalay,Fashion,Accessories,474.35,Ewallet
03-10-2019,Yangon,Home,Lifestyle,688.62,Credit card
1-27-2019,Yangon,Sports,Travel,169.31,Cash
01-08-2019,Naypyitaw,Fashion,Accessories,299.85,Credit card
01-08-2019,Naypyitaw,Food,Beverages,575.74,Ewallet
02-08-2019,Mandalay,Sports,Travel,853.15,Ewallet
1-25-2019,Mandalay,Fashion,Accessories,291.21,Cash
03-06-2019,Yangon,Sports,Travel,580.42,Cash
02-10-2019,Mandalay,Sports,Travel,146.33,Cash
2-17-2019,Mandalay,Electronic,Accessories,550.94,Credit card
03-08-2019,Naypyitaw,Health,Beauty,512.19,Ewallet
2-18-2019,Naypyitaw,Fashion,Accessories,284.19,Cash
1-18-2019,Yangon,Electronic,Accessories,138.13,Credit card
2-18-2019,Yangon,Home,Lifestyle,216.85,Cash
2-16-2019,Mandalay,Sports,Travel,545.06,Cash
3-16-2019,Yangon,Sports,Travel,609,Ewallet
1-23-2019,Naypyitaw,Sports,Travel,942.9,Credit card
1-25-2019,Naypyitaw,Health,Beauty,950.25,Cash
02-05-2019,Naypyitaw,Health,Beauty,720.3,Cash
2-22-2019,Naypyitaw,Food,Beverages,31.93,Credit card
1-21-2019,Yangon,Home,Lifestyle,491.09,Ewallet
03-08-2019,Naypyitaw,Health,Beauty,291.44,Credit card
02-10-2019,Yangon,Fashion,Accessories,316.47,Ewallet
3-19-2019,Naypyitaw,Health,Beauty,277.79,Credit card
03-06-2019,Mandalay,Home,Lifestyle,603.62,Credit card
3-27-2019,Yangon,Health,Beauty,272.66,Credit card
3-23-2019,Mandalay,Fashion,Accessories,384.47,Credit card
03-11-2019,Naypyitaw,Sports,Travel,254.02,Credit card
1-29-2019,Yangon,Fashion,Accessories,786.62,Credit card
02-07-2019,Naypyitaw,Food,Beverages,103.82,Ewallet
1-28-2019,Naypyitaw,Sports,Travel,680.15,Cash
2-20-2019,Yangon,Food,Beverages,484.52,Credit card
01-04-2019,Mandalay,Electronic,Accessories,75.78,Cash
03-07-2019,Mandalay,Home,Lifestyle,263.97,Ewallet
3-30-2019,Mandalay,Health,Beauty,918.73,Ewallet
3-27-2019,Mandalay,Sports,Travel,588.36,Ewallet
1-19-2019,Naypyitaw,Food,Beverages,362.71,Credit card
2-25-2019,Yangon,Sports,Travel,66.87,Cash
3-13-2019,Yangon,Food,Beverages,336.56,Credit card
1-30-2019,Naypyitaw,Sports,Travel,160.44,Ewallet
2-20-2019,Mandalay,Food,Beverages,418.95,Credit card
2-25-2019,Mandalay,Health,Beauty,357.59,Ewallet
1-16-2019,Naypyitaw,Home,Lifestyle,1003.59,Cash
02-08-2019,Yangon,Fashion,Accessories,1039.29,Credit card
1-19-2019,Yangon,Food,Beverages,323.06,Cash
02-01-2019,Yangon,Sports,Travel,510.97,Credit card
01-03-2019,Yangon,Health,Beauty,367.55,Ewallet
1-26-2019,Mandalay,Food,Beverages,420.26,Credit card
03-03-2019,Naypyitaw,Electronic,Accessories,175.14,Cash
1-19-2019,Mandalay,Electronic,Accessories,333.21,Credit card
1-18-2019,Mandalay,Food,Beverages,166.24,Ewallet
3-21-2019,Yangon,Home,Lifestyle,319.79,Ewallet
03-03-2019,Yangon,Food,Beverages,186.23,Credit card
2-13-2019,Naypyitaw,Fashion,Accessories,165.45,Credit card
3-23-2019,Yangon,Food,Beverages,465.44,Ewallet
1-28-2019,Naypyitaw,Health,Beauty,273.42,Ewallet
02-09-2019,Naypyitaw,Fashion,Accessories,472.31,Cash
1-23-2019,Naypyitaw,Food,Beverages,323.15,Cash
3-23-2019,Yangon,Sports,Travel,162.75,Ewallet
1-25-2019,Naypyitaw,Health,Beauty,288.2,Ewallet
03-04-2019,Yangon,Sports,Travel,90.7,Credit card
03-05-2019,Mandalay,Food,Beverages,56.95,Ewallet
03-03-2019,Mandalay,Home,Lifestyle,793.72,Ewallet
02-08-2019,Mandalay,Home,Lifestyle,195.17,Cash
02-10-2019,Yangon,Home,Lifestyle,77.77,Ewallet
1-28-2019,Naypyitaw,Home,Lifestyle,293.2,Credit card
02-11-2019,Mandalay,Home,Lifestyle,242.68,Credit card
1-15-2019,Mandalay,Fashion,Accessories,154.39,Ewallet
3-16-2019,Naypyitaw,Food,Beverages,829.71,Cash
1-26-2019,Mandalay,Home,Lifestyle,107.31,Ewallet
3-19-2019,Yangon,Electronic,Accessories,171.73,Credit card
1-13-2019,Naypyitaw,Fashion,Accessories,78,Cash
3-26-2019,Naypyitaw,Health,Beauty,91.77,Cash
3-23-2019,Yangon,Home,Lifestyle,26.55,Ewallet
03-12-2019,Naypyitaw,Health,Beauty,174.3,Credit card
2-17-2019,Naypyitaw,Food,Beverages,374.8,Credit card
1-29-2019,Naypyitaw,Sports,Travel,120.65,Credit card
3-15-2019,Mandalay,Electronic,Accessories,241.46,Cash
1-14-2019,Naypyitaw,Electronic,Accessories,451.36,Cash
02-06-2019,Mandalay,Health,Beauty,271.95,Ewallet
2-15-2019,Mandalay,Home,Lifestyle,93.29,Credit card
01-03-2019,Yangon,Health,Beauty,217.63,Ewallet
01-04-2019,Naypyitaw,Electronic,Accessories,629.84,Credit card
3-18-2019,Naypyitaw,Home,Lifestyle,299.57,Ewallet
3-28-2019,Mandalay,Fashion,Accessories,95.67,Ewallet
03-02-2019,Mandalay,Electronic,Accessories,942.45,Credit card
1-25-2019,Yangon,Electronic,Accessories,247.87,Ewallet
1-16-2019,Naypyitaw,Food,Beverages,881.31,Cash
3-20-2019,Mandalay,Home,Lifestyle,484.89,Ewallet
01-04-2019,Mandalay,Sports,Travel,146.22,Credit card
03-11-2019,Mandalay,Sports,Travel,217.63,Cash
3-22-2019,Yangon,Home,Lifestyle,19.19,Credit card
3-24-2019,Mandalay,Sports,Travel,130.04,Cash
2-21-2019,Yangon,Electronic,Accessories,298.12,Cash
02-12-2019,Mandalay,Fashion,Accessories,796.91,Ewallet
03-10-2019,Mandalay,Food,Beverages,180.62,Credit card
1-31-2019,Mandalay,Electronic,Accessories,285.71,Ewallet
03-06-2019,Mandalay,Food,Beverages,456.29,Ewallet
2-17-2019,Naypyitaw,Electronic,Accessories,62,Cash
2-21-2019,Naypyitaw,Fashion,Accessories,13.17,Cash
3-20-2019,Yangon,Food,Beverages,90.83,Cash
01-11-2019,Naypyitaw,Sports,Travel,183.04,Credit card
1-26-2019,Mandalay,Health,Beauty,655.55,Ewallet
1-31-2019,Naypyitaw,Electronic,Accessories,155.65,Ewallet
2-26-2019,Mandalay,Electronic,Accessories,571.41,Cash
03-11-2019,Yangon,Home,Lifestyle,532.73,Ewallet
1-26-2019,Mandalay,Fashion,Accessories,170.88,Cash
03-12-2019,Mandalay,Electronic,Accessories,33.36,Credit card
02-11-2019,Mandalay,Health,Beauty,794.65,Cash
2-21-2019,Mandalay,Fashion,Accessories,310.04,Cash
03-09-2019,Yangon,Health,Beauty,545.37,Ewallet
1-20-2019,Yangon,Sports,Travel,195.59,Ewallet
1-28-2019,Naypyitaw,Health,Beauty,91.4,Credit card
03-05-2019,Naypyitaw,Fashion,Accessories,232.16,Credit card
03-02-2019,Mandalay,Electronic,Accessories,69.41,Cash
01-11-2019,Yangon,Fashion,Accessories,94.17,Ewallet
01-11-2019,Yangon,Food,Beverages,235.68,Credit card
03-11-2019,Yangon,Health,Beauty,125.52,Credit card
2-28-2019,Naypyitaw,Fashion,Accessories,195.72,Credit card
01-05-2019,Yangon,Home,Lifestyle,263.13,Cash
02-02-2019,Mandalay,Home,Lifestyle,788.51,Credit card
01-01-2019,Yangon,Home,Lifestyle,399.76,Cash
02-09-2019,Mandalay,Electronic,Accessories,256.41,Cash
1-23-2019,Yangon,Fashion,Accessories,94.19,Ewallet
01-07-2019,Yangon,Electronic,Accessories,326.42,Credit card
1-14-2019,Mandalay,Food,Beverages,536.99,Credit card
02-02-2019,Mandalay,Food,Beverages,439.9,Ewallet
3-17-2019,Naypyitaw,Fashion,Accessories,369.5,Credit card
03-02-2019,Naypyitaw,Sports,Travel,30.22,Credit card
3-16-2019,Yangon,Home,Lifestyle,99.75,Cash
01-06-2019,Yangon,Home,Lifestyle,494.76,Cash
1-29-2019,Mandalay,Fashion,Accessories,137,Cash
1-31-2019,Yangon,Electronic,Accessories,69.67,Credit card
02-05-2019,Yangon,Home,Lifestyle,163.23,Ewallet
2-13-2019,Yangon,Electronic,Accessories,135.45,Ewallet
02-07-2019,Naypyitaw,Electronic,Accessories,276.95,Credit card
3-19-2019,Yangon,Electronic,Accessories,709.32,Ewallet
03-07-2019,Naypyitaw,Fashion,Accessories,69.09,Ewallet
3-13-2019,Mandalay,Fashion,Accessories,160.86,Cash
02-09-2019,Yangon,Sports,Travel,233.52,Cash
2-26-2019,Mandalay,Sports,Travel,57.17,Ewallet
03-12-2019,Yangon,Sports,Travel,723.24,Credit card
3-14-2019,Naypyitaw,Home,Lifestyle,148.97,Credit card
01-08-2019,Mandalay,Food,Beverages,783.3,Cash
01-05-2019,Yangon,Home,Lifestyle,297.11,Credit card
01-04-2019,Yangon,Home,Lifestyle,373.17,Ewallet
03-06-2019,Mandalay,Sports,Travel,354.01,Ewallet
01-03-2019,Naypyitaw,Health,Beauty,44.35,Cash
01-07-2019,Yangon,Home,Lifestyle,203.55,Credit card
1-27-2019,Yangon,Home,Lifestyle,25.26,Cash
2-26-2019,Mandalay,Health,Beauty,628.17,Ewallet
01-07-2019,Mandalay,Fashion,Accessories,352.58,Cash
01-07-2019,Naypyitaw,Home,Lifestyle,229.11,Cash
02-02-2019,Naypyitaw,Fashion,Accessories,400.76,Ewallet
3-20-2019,Naypyitaw,Fashion,Accessories,745.4,Cash
3-20-2019,Yangon,Sports,Travel,462.21,Credit card
2-15-2019,Yangon,Home,Lifestyle,587.66,Credit card
03-06-2019,Naypyitaw,Home,Lifestyle,38.85,Credit card
01-06-2019,Yangon,Sports,Travel,16.11,Cash
03-04-2019,Yangon,Health,Beauty,628.93,Ewallet
03-12-2019,Yangon,Health,Beauty,200.21,Cash
2-20-2019,Mandalay,Health,Beauty,350.07,Cash
3-24-2019,Naypyitaw,Home,Lifestyle,78.6,Cash
1-31-2019,Naypyitaw,Sports,Travel,224.44,Cash
1-25-2019,Mandalay,Food,Beverages,356.55,Credit card
02-03-2019,Yangon,Home,Lifestyle,697.37,Cash
1-24-2019,Mandalay,Electronic,Accessories,423.15,Credit card
3-14-2019,Naypyitaw,Electronic,Accessories,204.7,Ewallet
2-18-2019,Yangon,Electronic,Accessories,65.6,Cash
1-21-2019,Yangon,Food,Beverages,76.36,Cash
3-13-2019,Mandalay,Health,Beauty,190.16,Ewallet
03-03-2019,Naypyitaw,Electronic,Accessories,272.58,Cash
3-29-2019,Naypyitaw,Electronic,Accessories,121.13,Cash
01-10-2019,Yangon,Home,Lifestyle,493.79,Ewallet
1-25-2019,Yangon,Home,Lifestyle,252.04,Cash
1-19-2019,Naypyitaw,Home,Lifestyle,93.04,Cash
01-02-2019,Naypyitaw,Fashion,Accessories,209.62,Credit card
03-12-2019,Mandalay,Health,Beauty,40.96,Credit card
2-25-2019,Naypyitaw,Food,Beverages,51.04,Cash
3-18-2019,Yangon,Electronic,Accessories,215,Credit card
2-23-2019,Mandalay,Electronic,Accessories,125.66,Cash
3-26-2019,Yangon,Electronic,Accessories,530.67,Ewallet
3-30-2019,Yangon,Sports,Travel,295.69,Cash
2-17-2019,Yangon,Home,Lifestyle,745.84,Cash
3-21-2019,Yangon,Electronic,Accessories,83.41,Ewallet
03-05-2019,Yangon,Fashion,Accessories,172.01,Cash
1-31-2019,Mandalay,Sports,Travel,503.56,Cash
02-05-2019,Naypyitaw,Fashion,Accessories,145.59,Ewallet
02-01-2019,Yangon,Food,Beverages,74.71,Credit card
03-07-2019,Yangon,Health,Beauty,146.95,Cash
02-10-2019,Naypyitaw,Electronic,Accessories,820.37,Cash
2-14-2019,Naypyitaw,Food,Beverages,208.68,Cash
02-09-2019,Naypyitaw,Food,Beverages,66.4,Cash
01-10-2019,Naypyitaw,Electronic,Accessories,392.65,Cash
03-11-2019,Naypyitaw,Health,Beauty,218.07,Credit card
2-18-2019,Naypyitaw,Health,Beauty,185.09,Ewallet
2-26-2019,Naypyitaw,Food,Beverages,216.69,Cash
1-18-2019,Naypyitaw,Health,Beauty,41.39,Cash
2-15-2019,Yangon,Health,Beauty,96.14,Ewallet
03-08-2019,Yangon,Fashion,Accessories,324.29,Cash
1-17-2019,Yangon,Home,Lifestyle,135.58,Credit card
03-12-2019,Mandalay,Sports,Travel,410.51,Ewallet
03-09-2019,Yangon,Food,Beverages,523.85,Cash
03-12-2019,Naypyitaw,Food,Beverages,395.89,Cash
1-25-2019,Mandalay,Health,Beauty,214.75,Credit card
3-25-2019,Yangon,Electronic,Accessories,152.71,Cash
02-07-2019,Mandalay,Home,Lifestyle,208.09,Cash
2-17-2019,Yangon,Food,Beverages,103.64,Credit card
02-03-2019,Yangon,Fashion,Accessories,404.36,Cash
3-14-2019,Yangon,Food,Beverages,49.31,Credit card
3-24-2019,Naypyitaw,Sports,Travel,77.18,Ewallet
3-21-2019,Yangon,Electronic,Accessories,149.36,Credit card
3-19-2019,Yangon,Fashion,Accessories,721.98,Ewallet
2-24-2019,Mandalay,Sports,Travel,365.09,Cash
3-28-2019,Naypyitaw,Electronic,Accessories,150.1,Credit card
02-05-2019,Mandalay,Food,Beverages,404.65,Credit card
02-10-2019,Mandalay,Electronic,Accessories,151.48,Credit card
03-05-2019,Mandalay,Health,Beauty,411.38,Ewallet
2-15-2019,Mandalay,Health,Beauty,565.22,Cash
1-30-2019,Naypyitaw,Food,Beverages,509.41,Ewallet
2-14-2019,Yangon,Sports,Travel,140.65,Cash
2-27-2019,Yangon,Fashion,Accessories,736.44,Ewallet
02-04-2019,Yangon,Electronic,Accessories,75.55,Cash
1-20-2019,Naypyitaw,Home,Lifestyle,749.7,Cash
3-28-2019,Yangon,Electronic,Accessories,191.25,Cash
2-27-2019,Mandalay,Health,Beauty,141.75,Credit card
2-15-2019,Naypyitaw,Fashion,Accessories,1042.65,Credit card
1-26-2019,Yangon,Electronic,Accessories,379.92,Cash
3-14-2019,Mandalay,Fashion,Accessories,402.27,Credit card
03-02-2019,Mandalay,Home,Lifestyle,255.15,Cash
03-04-2019,Naypyitaw,Electronic,Accessories,31.75,Cash
01-07-2019,Mandalay,Food,Beverages,374.39,Credit card
03-08-2019,Naypyitaw,Fashion,Accessories,394.28,Credit card
01-09-2019,Naypyitaw,Sports,Travel,1002.12,Cash
03-01-2019,Mandalay,Electronic,Accessories,86.63,Ewallet
3-16-2019,Mandalay,Sports,Travel,78.72,Cash
2-17-2019,Yangon,Food,Beverages,680.06,Credit card
2-27-2019,Naypyitaw,Food,Beverages,793.55,Cash
03-07-2019,Naypyitaw,Food,Beverages,209.56,Ewallet
1-21-2019,Yangon,Home,Lifestyle,461.29,Cash
2-19-2019,Naypyitaw,Food,Beverages,173.21,Cash
01-06-2019,Naypyitaw,Fashion,Accessories,343.06,Cash
3-14-2019,Naypyitaw,Electronic,Accessories,484.97,Cash
3-24-2019,Yangon,Home,Lifestyle,276.95,Cash
1-27-2019,Naypyitaw,Sports,Travel,150.78,Cash
03-06-2019,Yangon,Electronic,Accessories,203.18,Credit card
02-02-2019,Mandalay,Electronic,Accessories,193.01,Cash
1-25-2019,Mandalay,Fashion,Accessories,128.02,Credit card
3-14-2019,Naypyitaw,Home,Lifestyle,441.69,Ewallet
1-29-2019,Naypyitaw,Fashion,Accessories,265.1,Cash
01-03-2019,Yangon,Home,Lifestyle,352.22,Credit card
1-14-2019,Yangon,Fashion,Accessories,507.68,Ewallet
01-05-2019,Mandalay,Home,Lifestyle,334.34,Credit card
2-22-2019,Naypyitaw,Sports,Travel,701.85,Ewallet
02-06-2019,Naypyitaw,Fashion,Accessories,407.32,Ewallet
1-30-2019,Mandalay,Electronic,Accessories,99.33,Credit card
01-11-2019,Yangon,Sports,Travel,345.79,Credit card
3-19-2019,Naypyitaw,Electronic,Accessories,55.88,Cash
1-14-2019,Mandalay,Food,Beverages,523.37,Cash
03-01-2019,Naypyitaw,Food,Beverages,314.54,Ewallet
01-06-2019,Yangon,Food,Beverages,214.94,Ewallet
1-31-2019,Mandalay,Sports,Travel,79.61,Cash
03-11-2019,Naypyitaw,Food,Beverages,294.65,Cash
2-20-2019,Yangon,Health,Beauty,339.36,Credit card
1-27-2019,Naypyitaw,Fashion,Accessories,510.96,Ewallet
03-10-2019,Mandalay,Food,Beverages,133.92,Credit card
2-15-2019,Naypyitaw,Fashion,Accessories,253.51,Cash
1-26-2019,Mandalay,Fashion,Accessories,398.48,Cash
2-13-2019,Yangon,Electronic,Accessories,80.66,Ewallet
03-09-2019,Yangon,Sports,Travel,548.73,Credit card
03-06-2019,Yangon,Health,Beauty,83.73,Ewallet
1-24-2019,Yangon,Health,Beauty,406.88,Ewallet
3-13-2019,Yangon,Food,Beverages,284.92,Ewallet
3-15-2019,Mandalay,Home,Lifestyle,128.43,Cash
03-05-2019,Mandalay,Health,Beauty,258.68,Credit card
03-04-2019,Mandalay,Electronic,Accessories,181.82,Cash
3-25-2019,Naypyitaw,Food,Beverages,248.41,Credit card
03-12-2019,Naypyitaw,Home,Lifestyle,194.12,Credit card
02-04-2019,Naypyitaw,Home,Lifestyle,14.68,Ewallet
2-22-2019,Mandalay,Fashion,Accessories,208.69,Ewallet
2-16-2019,Naypyitaw,Fashion,Accessories,718.76,Ewallet
1-19-2019,Yangon,Sports,Travel,282.49,Credit card
01-11-2019,Yangon,Food,Beverages,72.4,Credit card
01-04-2019,Mandalay,Fashion,Accessories,288.58,Cash
03-04-2019,Yangon,Home,Lifestyle,237.43,Ewallet
1-28-2019,Naypyitaw,Fashion,Accessories,125.06,Ewallet
01-02-2019,Mandalay,Health,Beauty,359.21,Cash
1-25-2019,Mandalay,Sports,Travel,45.93,Ewallet
01-04-2019,Yangon,Health,Beauty,110.09,Cash
03-10-2019,Yangon,Sports,Travel,81.4,Ewallet
3-22-2019,Yangon,Home,Lifestyle,427.81,Ewallet
1-25-2019,Mandalay,Health,Beauty,100.92,Ewallet
01-08-2019,Naypyitaw,Home,Lifestyle,190.6,Credit card
1-22-2019,Naypyitaw,Health,Beauty,85.59,Ewallet
01-12-2019,Mandalay,Health,Beauty,120.16,Ewallet
02-04-2019,Yangon,Electronic,Accessories,185.37,Cash
3-28-2019,Naypyitaw,Food,Beverages,121.59,Ewallet
1-23-2019,Naypyitaw,Electronic,Accessories,264.76,Cash
02-08-2019,Naypyitaw,Fashion,Accessories,1020.71,Credit card
3-19-2019,Mandalay,Fashion,Accessories,213.53,Credit card
03-09-2019,Naypyitaw,Fashion,Accessories,17.09,Cash
01-02-2019,Mandalay,Fashion,Accessories,383.76,Cash
1-21-2019,Yangon,Health,Beauty,390.8,Cash
3-20-2019,Mandalay,Food,Beverages,65.74,Credit card
2-27-2019,Mandalay,Sports,Travel,353.17,Cash
03-08-2019,Yangon,Home,Lifestyle,951.83,Ewallet
1-31-2019,Mandalay,Fashion,Accessories,145.07,Credit card
03-08-2019,Naypyitaw,Food,Beverages,90.87,Ewallet
1-13-2019,Yangon,Electronic,Accessories,147.8,Ewallet
03-09-2019,Mandalay,Fashion,Accessories,702.22,Credit card
2-22-2019,Mandalay,Fashion,Accessories,49.81,Credit card
3-19-2019,Naypyitaw,Sports,Travel,937.82,Ewallet
1-20-2019,Naypyitaw,Sports,Travel,348.31,Ewallet
03-08-2019,Yangon,Home,Lifestyle,214.14,Credit card
03-08-2019,Naypyitaw,Food,Beverages,71.57,Ewallet
02-07-2019,Naypyitaw,Electronic,Accessories,343.22,Credit card
1-15-2019,Naypyitaw,Food,Beverages,91.56,Cash
3-22-2019,Mandalay,Sports,Travel,742.81,Credit card
1-15-2019,Yangon,Home,Lifestyle,843.03,Credit card
01-08-2019,Naypyitaw,Fashion,Accessories,13.42,Ewallet
1-15-2019,Yangon,Sports,Travel,140.39,Cash
1-28-2019,Mandalay,Health,Beauty,20.11,Credit card
2-14-2019,Naypyitaw,Food,Beverages,290.43,Credit card
03-10-2019,Naypyitaw,Fashion,Accessories,144.08,Credit card
01-12-2019,Mandalay,Health,Beauty,28.42,Credit card
3-26-2019,Mandalay,Sports,Travel,41.08,Credit card
01-01-2019,Mandalay,Electronic,Accessories,470.67,Cash
01-02-2019,Mandalay,Electronic,Accessories,138.66,Cash
3-16-2019,Yangon,Food,Beverages,333.95,Ewallet
03-03-2019,Yangon,Health,Beauty,26.25,Ewallet
1-31-2019,Yangon,Electronic,Accessories,87.23,Cash
2-13-2019,Mandalay,Fashion,Accessories,155.19,Cash
2-15-2019,Mandalay,Food,Beverages,731.43,Credit card
02-07-2019,Mandalay,Electronic,Accessories,833.6,Cash
1-27-2019,Naypyitaw,Electronic,Accessories,488.99,Cash
2-23-2019,Naypyitaw,Food,Beverages,37.68,Credit card
02-03-2019,Naypyitaw,Food,Beverages,212.73,Cash
03-03-2019,Mandalay,Food,Beverages,767.03,Credit card
02-03-2019,Naypyitaw,Sports,Travel,310.59,Cash
3-17-2019,Naypyitaw,Food,Beverages,23.75,Cash
3-28-2019,Yangon,Food,Beverages,269.54,Credit card
03-02-2019,Naypyitaw,Sports,Travel,572.78,Credit card
02-08-2019,Naypyitaw,Health,Beauty,273.05,Credit card
3-22-2019,Mandalay,Sports,Travel,233.23,Cash
02-09-2019,Naypyitaw,Food,Beverages,22.66,Ewallet
2-15-2019,Naypyitaw,Electronic,Accessories,103.78,Cash
1-23-2019,Naypyitaw,Home,Lifestyle,527.75,Ewallet
1-25-2019,Yangon,Sports,Travel,168.21,Cash
02-02-2019,Yangon,Fashion,Accessories,452.87,Credit card
3-30-2019,Mandalay,Health,Beauty,609.59,Cash
3-30-2019,Yangon,Electronic,Accessories,338.31,Cash
2-25-2019,Yangon,Health,Beauty,205.32,Credit card
3-18-2019,Yangon,Sports,Travel,174.62,Credit card
03-07-2019,Naypyitaw,Electronic,Accessories,353.09,Ewallet
3-16-2019,Mandalay,Sports,Travel,360.89,Ewallet
1-29-2019,Yangon,Electronic,Accessories,40.53,Ewallet
02-02-2019,Naypyitaw,Food,Beverages,554.15,Cash
2-15-2019,Naypyitaw,Electronic,Accessories,344.4,Cash
01-08-2019,Yangon,Sports,Travel,194.99,Ewallet
02-12-2019,Mandalay,Home,Lifestyle,633.99,Cash
01-01-2019,Naypyitaw,Sports,Travel,388.29,Credit card
3-21-2019,Mandalay,Sports,Travel,207.86,Ewallet
2-28-2019,Mandalay,Fashion,Accessories,431.45,Cash
3-23-2019,Yangon,Fashion,Accessories,156.03,Ewallet
1-30-2019,Naypyitaw,Home,Lifestyle,24.11,Cash
02-04-2019,Mandalay,Home,Lifestyle,734.08,Ewallet
3-13-2019,Mandalay,Fashion,Accessories,72.87,Ewallet
3-15-2019,Yangon,Fashion,Accessories,206.43,Credit card
03-05-2019,Mandalay,Health,Beauty,212.69,Ewallet
03-05-2019,Naypyitaw,Home,Lifestyle,127.26,Credit card
2-26-2019,Mandalay,Fashion,Accessories,209.77,Ewallet
3-20-2019,Mandalay,Sports,Travel,637.73,Cash
01-01-2019,Naypyitaw,Electronic,Accessories,132.76,Cash
1-27-2019,Naypyitaw,Food,Beverages,568.51,Cash
1-21-2019,Mandalay,Sports,Travel,103.04,Cash
02-02-2019,Yangon,Sports,Travel,432.77,Cash
02-03-2019,Mandalay,Sports,Travel,77.67,Credit card
01-05-2019,Naypyitaw,Fashion,Accessories,33.5,Ewallet
1-27-2019,Naypyitaw,Home,Lifestyle,145.74,Ewallet
3-25-2019,Mandalay,Sports,Travel,195.95,Cash
2-25-2019,Mandalay,Sports,Travel,92.87,Credit card
1-28-2019,Yangon,Electronic,Accessories,203.11,Ewallet
01-08-2019,Mandalay,Sports,Travel,152.78,Cash
1-29-2019,Mandalay,Food,Beverages,529.52,Credit card
3-29-2019,Mandalay,Health,Beauty,321.77,Cash
02-09-2019,Naypyitaw,Home,Lifestyle,100.49,Credit card
1-16-2019,Mandalay,Sports,Travel,666.94,Credit card
01-05-2019,Yangon,Home,Lifestyle,225.28,Ewallet
1-27-2019,Yangon,Fashion,Accessories,398.96,Ewallet
3-14-2019,Yangon,Electronic,Accessories,731.69,Cash
2-23-2019,Naypyitaw,Sports,Travel,429.17,Credit card
3-18-2019,Naypyitaw,Fashion,Accessories,54.04,Ewallet
3-29-2019,Mandalay,Health,Beauty,288.02,Ewallet
1-22-2019,Naypyitaw,Home,Lifestyle,206.8,Credit card
03-01-2019,Yangon,Home,Lifestyle,72.93,Ewallet
1-17-2019,Naypyitaw,Sports,Travel,377.58,Credit card
3-26-2019,Mandalay,Electronic,Accessories,143.99,Credit card
3-20-2019,Naypyitaw,Home,Lifestyle,523.97,Cash
02-06-2019,Yangon,Home,Lifestyle,235.87,Credit card
01-01-2019,Naypyitaw,Health,Beauty,132.03,Cash
1-27-2019,Yangon,Food,Beverages,514.77,Credit card
2-25-2019,Yangon,Sports,Travel,479.9,Ewallet
1-16-2019,Mandalay,Fashion,Accessories,164.68,Credit card
1-13-2019,Mandalay,Fashion,Accessories,125.71,Ewallet
02-07-2019,Mandalay,Food,Beverages,570.78,Credit card
2-17-2019,Yangon,Sports,Travel,926.95,Cash
02-12-2019,Yangon,Health,Beauty,160.21,Ewallet
1-24-2019,Yangon,Fashion,Accessories,728.11,Credit card
02-06-2019,Mandalay,Electronic,Accessories,240.98,Ewallet
3-26-2019,Naypyitaw,Food,Beverages,154.13,Ewallet
03-11-2019,Yangon,Home,Lifestyle,148.68,Ewallet
02-07-2019,Naypyitaw,Home,Lifestyle,122.52,Ewallet
01-05-2019,Mandalay,Fashion,Accessories,77.66,Credit card
03-07-2019,Yangon,Home,Lifestyle,102.84,Ewallet
2-25-2019,Yangon,Fashion,Accessories,306.81,Credit card
02-01-2019,Naypyitaw,Food,Beverages,551.12,Ewallet
1-22-2019,Yangon,Home,Lifestyle,96.64,Ewallet
01-03-2019,Naypyitaw,Health,Beauty,79.67,Credit card
2-13-2019,Mandalay,Sports,Travel,84.76,Credit card
1-28-2019,Naypyitaw,Electronic,Accessories,118.25,Credit card
01-05-2019,Mandalay,Food,Beverages,74.76,Credit card
3-19-2019,Mandalay,Home,Lifestyle,163,Ewallet
01-12-2019,Yangon,Fashion,Accessories,308.91,Ewallet
01-07-2019,Yangon,Sports,Travel,575.98,Credit card
1-26-2019,Mandalay,Sports,Travel,270.59,Cash
1-23-2019,Yangon,Electronic,Accessories,416.18,Cash
02-09-2019,Mandalay,Fashion,Accessories,180.4,Ewallet
2-22-2019,Mandalay,Fashion,Accessories,513.23,Cash
02-05-2019,Mandalay,Health,Beauty,550.37,Cash
03-07-2019,Naypyitaw,Electronic,Accessories,139.92,Credit card
3-25-2019,Yangon,Electronic,Accessories,142,Cash
1-20-2019,Mandalay,Home,Lifestyle,118.06,Credit card
02-04-2019,Mandalay,Fashion,Accessories,151.28,Cash
1-30-2019,Naypyitaw,Food,Beverages,1034.46,Ewallet
01-02-2019,Yangon,Food,Beverages,262.46,Ewallet
3-29-2019,Yangon,Home,Lifestyle,228.12,Ewallet
3-14-2019,Mandalay,Electronic,Accessories,203.93,Cash
02-11-2019,Naypyitaw,Food,Beverages,936.6,Credit card
1-30-2019,Mandalay,Electronic,Accessories,356.33,Ewallet
3-20-2019,Yangon,Electronic,Accessories,469.41,Ewallet
3-20-2019,Mandalay,Fashion,Accessories,208.43,Cash
1-17-2019,Yangon,Food,Beverages,852.71,Credit card
02-03-2019,Naypyitaw,Sports,Travel,517.97,Credit card
01-01-2019,Yangon,Fashion,Accessories,621.24,Cash
01-10-2019,Mandalay,Fashion,Accessories,586.97,Credit card
03-02-2019,Naypyitaw,Sports,Travel,543.75,Ewallet
2-25-2019,Mandalay,Home,Lifestyle,430.71,Credit card
1-29-2019,Mandalay,Sports,Travel,280.04,Cash
03-10-2019,Yangon,Food,Beverages,74.46,Ewallet
1-13-2019,Mandalay,Food,Beverages,152.02,Credit card
3-22-2019,Yangon,Sports,Travel,451.03,Credit card
03-01-2019,Mandalay,Fashion,Accessories,597.63,Ewallet
2-20-2019,Mandalay,Food,Beverages,253.26,Cash
1-14-2019,Naypyitaw,Food,Beverages,133.43,Ewallet
3-26-2019,Yangon,Health,Beauty,269.93,Cash
03-01-2019,Mandalay,Health,Beauty,145.97,Ewallet
01-07-2019,Naypyitaw,Food,Beverages,85.74,Cash
02-01-2019,Yangon,Health,Beauty,326.26,Cash
2-13-2019,Naypyitaw,Fashion,Accessories,195.26,Credit card
1-14-2019,Mandalay,Fashion,Accessories,75.94,Credit card
1-19-2019,Mandalay,Sports,Travel,198.64,Ewallet
03-09-2019,Yangon,Health,Beauty,217.18,Credit card
3-27-2019,Yangon,Food,Beverages,164.87,Cash
02-04-2019,Yangon,Sports,Travel,226.07,Ewallet
3-14-2019,Naypyitaw,Fashion,Accessories,625.91,Cash
03-04-2019,Yangon,Health,Beauty,76.76,Cash
03-03-2019,Naypyitaw,Health,Beauty,293.14,Credit card
1-27-2019,Naypyitaw,Home,Lifestyle,178.16,Ewallet
02-07-2019,Yangon,Sports,Travel,47.86,Cash
02-05-2019,Yangon,Sports,Travel,236.88,Ewallet
3-15-2019,Mandalay,Sports,Travel,304.92,Cash
03-01-2019,Mandalay,Health,Beauty,46.68,Credit card
2-15-2019,Yangon,Food,Beverages,164.43,Credit card
2-17-2019,Naypyitaw,Sports,Travel,440.94,Ewallet
1-26-2019,Naypyitaw,Fashion,Accessories,193.46,Cash
3-24-2019,Yangon,Home,Lifestyle,147.67,Ewallet
1-23-2019,Naypyitaw,Electronic,Accessories,87.23,Ewallet
1-26-2019,Naypyitaw,Fashion,Accessories,68.24,Credit card
3-14-2019,Naypyitaw,Food,Beverages,814.38,Ewallet
3-17-2019,Mandalay,Sports,Travel,343.41,Ewallet
01-08-2019,Naypyitaw,Fashion,Accessories,381.39,Cash
02-08-2019,Mandalay,Home,Lifestyle,133.35,Cash
02-10-2019,Yangon,Fashion,Accessories,394.33,Ewallet
3-28-2019,Naypyitaw,Food,Beverages,209.12,Credit card
1-23-2019,Yangon,Fashion,Accessories,32.14,Ewallet
1-17-2019,Mandalay,Food,Beverages,121.57,Ewallet
02-07-2019,Yangon,Electronic,Accessories,30.41,Credit card
03-09-2019,Naypyitaw,Food,Beverages,935.27,Cash
1-24-2019,Mandalay,Fashion,Accessories,293.64,Cash
1-19-2019,Naypyitaw,Sports,Travel,84.98,Credit card
02-03-2019,Yangon,Food,Beverages,708.23,Ewallet
3-20-2019,Yangon,Sports,Travel,365.9,Ewallet
1-13-2019,Mandalay,Sports,Travel,457.38,Cash
3-14-2019,Naypyitaw,Electronic,Accessories,461.53,Ewallet
1-23-2019,Yangon,Food,Beverages,620.74,Credit card
02-07-2019,Naypyitaw,Fashion,Accessories,273.8,Ewallet
3-28-2019,Yangon,Food,Beverages,225.79,Credit card
3-20-2019,Yangon,Food,Beverages,96.19,Cash
1-17-2019,Mandalay,Home,Lifestyle,695.24,Credit card
01-12-2019,Mandalay,Fashion,Accessories,874.13,Credit card
2-16-2019,Mandalay,Fashion,Accessories,95.92,Cash
1-26-2019,Mandalay,Food,Beverages,165.65,Cash
03-09-2019,Yangon,Sports,Travel,127.83,Ewallet
3-14-2019,Mandalay,Health,Beauty,867.09,Cash
1-25-2019,Yangon,Home,Lifestyle,167.9,Ewallet
1-26-2019,Yangon,Fashion,Accessories,12.69,Credit card
1-19-2019,Yangon,Sports,Travel,674,Credit card
03-05-2019,Yangon,Electronic,Accessories,246.68,Ewallet
1-15-2019,Yangon,Food,Beverages,175.92,Credit card
3-18-2019,Mandalay,Home,Lifestyle,314.06,Ewallet
3-20-2019,Mandalay,Food,Beverages,251.72,Credit card
1-15-2019,Mandalay,Health,Beauty,697.94,Credit card
03-03-2019,Yangon,Health,Beauty,212.78,Credit card
3-19-2019,Naypyitaw,Electronic,Accessories,48.51,Cash
03-08-2019,Mandalay,Food,Beverages,92.56,Cash
2-27-2019,Mandalay,Fashion,Accessories,165.12,Ewallet
2-23-2019,Mandalay,Food,Beverages,311.19,Ewallet
3-19-2019,Naypyitaw,Electronic,Accessories,743.82,Ewallet
3-27-2019,Mandalay,Electronic,Accessories,116.91,Ewallet
3-30-2019,Naypyitaw,Food,Beverages,609.17,Credit card
2-16-2019,Naypyitaw,Electronic,Accessories,63.26,Ewallet
1-18-2019,Yangon,Home,Lifestyle,182.95,Ewallet
3-30-2019,Naypyitaw,Health,Beauty,442.32,Cash
3-20-2019,Mandalay,Fashion,Accessories,35.31,Cash
1-16-2019,Naypyitaw,Sports,Travel,32.53,Cash
2-24-2019,Naypyitaw,Electronic,Accessories,259.77,Cash
1-15-2019,Mandalay,Electronic,Accessories,397.22,Ewallet
1-22-2019,Mandalay,Health,Beauty,351.6,Cash
02-03-2019,Yangon,Home,Lifestyle,764.19,Cash
03-06-2019,Mandalay,Sports,Travel,352.67,Ewallet
2-16-2019,Mandalay,Fashion,Accessories,252.76,Credit card
3-14-2019,Yangon,Electronic,Accessories,49.42,Credit card
2-27-2019,Naypyitaw,Electronic,Accessories,104.67,Credit card
1-18-2019,Yangon,Fashion,Accessories,277.67,Ewallet
1-29-2019,Yangon,Sports,Travel,146.63,Cash
2-26-2019,Yangon,Fashion,Accessories,58.22,Credit card
02-03-2019,Mandalay,Sports,Travel,135.36,Cash
1-16-2019,Naypyitaw,Sports,Travel,125.98,Credit card
3-24-2019,Mandalay,Fashion,Accessories,370.13,Credit card
02-12-2019,Naypyitaw,Food,Beverages,914.55,Credit card
2-21-2019,Naypyitaw,Sports,Travel,207.48,Cash
02-04-2019,Yangon,Fashion,Accessories,204.25,Ewallet
2-20-2019,Mandalay,Food,Beverages,181.88,Ewallet
2-23-2019,Mandalay,Health,Beauty,75.47,Ewallet
2-16-2019,Naypyitaw,Health,Beauty,300.57,Ewallet
1-17-2019,Mandalay,Sports,Travel,85.3,Credit card
1-14-2019,Yangon,Fashion,Accessories,588.42,Ewallet
3-30-2019,Mandalay,Food,Beverages,196.14,Cash
03-02-2019,Mandalay,Health,Beauty,231.24,Ewallet
2-15-2019,Naypyitaw,Health,Beauty,282.58,Credit card
03-01-2019,Yangon,Electronic,Accessories,477.54,Credit card
2-24-2019,Mandalay,Fashion,Accessories,175.92,Cash
2-19-2019,Mandalay,Sports,Travel,470.99,Credit card
2-23-2019,Yangon,Food,Beverages,308.57,Cash
02-07-2019,Naypyitaw,Health,Beauty,618.98,Ewallet
01-11-2019,Yangon,Food,Beverages,305.55,Ewallet
02-12-2019,Mandalay,Electronic,Accessories,41.45,Cash
1-14-2019,Mandalay,Sports,Travel,36.55,Credit card
01-09-2019,Naypyitaw,Fashion,Accessories,310.72,Ewallet
2-27-2019,Yangon,Fashion,Accessories,45.11,Ewallet
1-24-2019,Mandalay,Sports,Travel,145.4,Ewallet
01-08-2019,Mandalay,Home,Lifestyle,103.11,Credit card
01-08-2019,Mandalay,Sports,Travel,136.14,Credit card
1-16-2019,Yangon,Home,Lifestyle,667.38,Cash
3-13-2019,Naypyitaw,Sports,Travel,153.05,Cash
2-15-2019,Yangon,Food,Beverages,211.37,Cash
1-25-2019,Naypyitaw,Sports,Travel,663.3,Cash
03-12-2019,Naypyitaw,Food,Beverages,404.54,Ewallet
03-04-2019,Yangon,Health,Beauty,510.62,Cash
02-10-2019,Naypyitaw,Fashion,Accessories,539.34,Cash
1-16-2019,Naypyitaw,Food,Beverages,497.07,Cash
1-29-2019,Yangon,Home,Lifestyle,458.69,Cash
01-01-2019,Yangon,Sports,Travel,113.57,Ewallet
01-06-2019,Mandalay,Home,Lifestyle,261.2,Ewallet
2-19-2019,Yangon,Electronic,Accessories,657.53,Credit card
01-12-2019,Naypyitaw,Home,Lifestyle,1023.75,Ewallet
02-07-2019,Naypyitaw,Fashion,Accessories,507.44,Ewallet
3-27-2019,Mandalay,Food,Beverages,101.81,Credit card
2-27-2019,Mandalay,Fashion,Accessories,207.59,Credit card
01-06-2019,Mandalay,Health,Beauty,760.44,Cash
03-02-2019,Mandalay,Home,Lifestyle,835.29,Cash
3-29-2019,Mandalay,Health,Beauty,527.51,Cash
1-31-2019,Mandalay,Electronic,Accessories,180.6,Ewallet
1-21-2019,Naypyitaw,Food,Beverages,72.43,Cash
1-20-2019,Naypyitaw,Fashion,Accessories,131.21,Ewallet
1-17-2019,Yangon,Sports,Travel,80.96,Ewallet
2-28-2019,Yangon,Food,Beverages,507.91,Cash
3-19-2019,Naypyitaw,Home,Lifestyle,317.23,Ewallet
2-19-2019,Naypyitaw,Electronic,Accessories,733.6,Ewallet
02-04-2019,Naypyitaw,Health,Beauty,130.88,Ewallet
1-31-2019,Naypyitaw,Fashion,Accessories,829.08,Ewallet
02-06-2019,Yangon,Health,Beauty,187.32,Credit card
3-28-2019,Yangon,Fashion,Accessories,525.23,Ewallet
1-19-2019,Yangon,Electronic,Accessories,37.61,Credit card
2-17-2019,Yangon,Fashion,Accessories,142.95,Credit card
1-18-2019,Mandalay,Fashion,Accessories,110.12,Credit card
02-02-2019,Mandalay,Fashion,Accessories,187.87,Cash
1-18-2019,Naypyitaw,Sports,Travel,856.45,Cash
3-18-2019,Mandalay,Home,Lifestyle,138.98,Credit card
01-11-2019,Naypyitaw,Food,Beverages,270.26,Cash
02-04-2019,Mandalay,Food,Beverages,98.03,Ewallet
02-06-2019,Naypyitaw,Health,Beauty,239.4,Cash
01-08-2019,Naypyitaw,Home,Lifestyle,175.05,Credit card
03-05-2019,Mandalay,Sports,Travel,732.27,Credit card
3-16-2019,Naypyitaw,Fashion,Accessories,408.49,Ewallet
03-09-2019,Mandalay,Home,Lifestyle,383.52,Cash
03-01-2019,Yangon,Fashion,Accessories,93.74,Credit card
2-28-2019,Yangon,Health,Beauty,176.4,Ewallet
02-08-2019,Yangon,Fashion,Accessories,20.69,Ewallet
1-24-2019,Mandalay,Electronic,Accessories,557.72,Ewallet
03-01-2019,Mandalay,Food,Beverages,56.41,Ewallet
03-10-2019,Naypyitaw,Health,Beauty,860.48,Credit card
3-23-2019,Naypyitaw,Home,Lifestyle,596.82,Credit card
1-29-2019,Naypyitaw,Electronic,Accessories,616.98,Ewallet
01-12-2019,Mandalay,Electronic,Accessories,769.1,Ewallet
3-20-2019,Yangon,Home,Lifestyle,887.92,Cash
3-23-2019,Naypyitaw,Home,Lifestyle,408.73,Cash
1-14-2019,Naypyitaw,Food,Beverages,89.07,Ewallet
02-12-2019,Yangon,Sports,Travel,150.42,Ewallet
2-20-2019,Yangon,Home,Lifestyle,79.15,Ewallet
01-02-2019,Naypyitaw,Sports,Travel,266.03,Credit card
02-02-2019,Naypyitaw,Food,Beverages,40.34,Cash
01-08-2019,Mandalay,Fashion,Accessories,684.92,Credit card
1-30-2019,Naypyitaw,Home,Lifestyle,55.28,Credit card
3-26-2019,Mandalay,Home,Lifestyle,116.14,Credit card
1-15-2019,Naypyitaw,Health,Beauty,597.04,Cash
3-14-2019,Mandalay,Fashion,Accessories,93.74,Ewallet
02-03-2019,Yangon,Food,Beverages,143.22,Credit card
2-22-2019,Yangon,Electronic,Accessories,182.91,Ewallet
1-24-2019,Mandalay,Home,Lifestyle,384.72,Ewallet
1-25-2019,Naypyitaw,Fashion,Accessories,267.34,Ewallet
03-09-2019,Yangon,Fashion,Accessories,817.24,Credit card
2-17-2019,Mandalay,Electronic,Accessories,300.22,Ewallet
01-11-2019,Yangon,Home,Lifestyle,608.08,Cash
2-27-2019,Yangon,Food,Beverages,197.93,Ewallet
3-25-2019,Yangon,Food,Beverages,232.64,Ewallet
02-11-2019,Mandalay,Food,Beverages,810.6,Credit card
1-31-2019,Mandalay,Electronic,Accessories,757.37,Credit card
1-20-2019,Yangon,Fashion,Accessories,536.59,Ewallet
3-26-2019,Yangon,Health,Beauty,56.12,Ewallet
1-20-2019,Yangon,Health,Beauty,233.1,Credit card
03-05-2019,Mandalay,Home,Lifestyle,801.86,Ewallet
01-05-2019,Naypyitaw,Fashion,Accessories,239.59,Credit card
2-13-2019,Mandalay,Sports,Travel,86.25,Cash
3-16-2019,Mandalay,Electronic,Accessories,401.69,Cash
1-15-2019,Yangon,Home,Lifestyle,72.01,Cash
2-26-2019,Mandalay,Sports,Travel,401.27,Ewallet
2-27-2019,Naypyitaw,Health,Beauty,631.14,Credit card
2-17-2019,Naypyitaw,Sports,Travel,499.73,Ewallet
02-06-2019,Naypyitaw,Food,Beverages,55.04,Credit card
1-17-2019,Naypyitaw,Food,Beverages,137.87,Cash
1-22-2019,Mandalay,Food,Beverages,151.52,Credit card
03-05-2019,Naypyitaw,Health,Beauty,480.03,Credit card
01-03-2019,Mandalay,Sports,Travel,98.05,Cash
3-20-2019,Naypyitaw,Sports,Travel,132.56,Cash
1-31-2019,Mandalay,Electronic,Accessories,830.37,Ewallet
2-19-2019,Naypyitaw,Health,Beauty,183.12,Cash
02-11-2019,Yangon,Sports,Travel,397.99,Ewallet
02-05-2019,Yangon,Fashion,Accessories,32.15,Credit card
03-03-2019,Naypyitaw,Home,Lifestyle,369.68,Cash
2-24-2019,Naypyitaw,Health,Beauty,53.34,Ewallet
02-04-2019,Yangon,Electronic,Accessories,548.16,Credit card
2-19-2019,Naypyitaw,Electronic,Accessories,603.88,Ewallet
1-23-2019,Naypyitaw,Health,Beauty,57.7,Credit card
1-14-2019,Naypyitaw,Health,Beauty,190.48,Credit card
1-17-2019,Yangon,Sports,Travel,432.99,Ewallet
03-03-2019,Yangon,Fashion,Accessories,48.73,Credit card
2-15-2019,Naypyitaw,Health,Beauty,287.91,Credit card
1-15-2019,Mandalay,Home,Lifestyle,1022.39,Credit card
2-27-2019,Yangon,Electronic,Accessories,680.61,Credit card
2-26-2019,Yangon,Electronic,Accessories,97.88,Credit card
3-15-2019,Mandalay,Fashion,Accessories,57.08,Ewallet
1-24-2019,Naypyitaw,Home,Lifestyle,63.91,Cash
2-22-2019,Yangon,Sports,Travel,257.15,Cash
3-15-2019,Mandalay,Health,Beauty,97.42,Credit card
02-11-2019,Naypyitaw,Home,Lifestyle,455.12,Ewallet
01-12-2019,Mandalay,Sports,Travel,144.96,Ewallet
03-03-2019,Naypyitaw,Electronic,Accessories,253.68,Ewallet
3-23-2019,Naypyitaw,Fashion,Accessories,495.32,Ewallet
03-04-2019,Yangon,Fashion,Accessories,462.67,Cash
2-23-2019,Mandalay,Electronic,Accessories,714.33,Cash
3-17-2019,Yangon,Home,Lifestyle,325.37,Cash
1-16-2019,Yangon,Sports,Travel,195.68,Credit card
01-08-2019,Yangon,Electronic,Accessories,210.97,Cash
1-14-2019,Mandalay,Health,Beauty,18.64,Cash
1-31-2019,Naypyitaw,Fashion,Accessories,652.89,Ewallet
3-15-2019,Mandalay,Health,Beauty,90.3,Ewallet
2-24-2019,Yangon,Electronic,Accessories,422.73,Credit card
02-08-2019,Naypyitaw,Sports,Travel,341.09,Credit card
3-22-2019,Yangon,Electronic,Accessories,99.91,Cash
1-24-2019,Yangon,Electronic,Accessories,408.41,Cash
3-14-2019,Mandalay,Food,Beverages,446.96,Ewallet
1-23-2019,Naypyitaw,Fashion,Accessories,333.98,Cash
1-19-2019,Yangon,Food,Beverages,284.59,Ewallet
1-27-2019,Mandalay,Health,Beauty,403.87,Credit card
02-03-2019,Mandalay,Food,Beverages,247.59,Credit card
3-25-2019,Mandalay,Electronic,Accessories,222.14,Ewallet
2-24-2019,Yangon,Home,Lifestyle,100.13,Credit card
02-07-2019,Naypyitaw,Sports,Travel,10.68,Cash
03-04-2019,Yangon,Health,Beauty,216.44,Cash
2-14-2019,Mandalay,Sports,Travel,441.59,Credit card
1-29-2019,Yangon,Sports,Travel,92.44,Credit card
1-28-2019,Mandalay,Health,Beauty,681.44,Credit card
3-26-2019,Yangon,Fashion,Accessories,130.03,Credit card
3-24-2019,Naypyitaw,Electronic,Accessories,681.98,Cash
01-01-2019,Yangon,Electronic,Accessories,779.31,Credit card
1-24-2019,Yangon,Electronic,Accessories,88.7,Cash
2-25-2019,Mandalay,Health,Beauty,262.79,Cash
01-09-2019,Mandalay,Sports,Travel,99.54,Cash
2-14-2019,Yangon,Health,Beauty,95.87,Ewallet
03-12-2019,Mandalay,Home,Lifestyle,299.37,Ewallet
3-26-2019,Yangon,Fashion,Accessories,55,Cash
01-09-2019,Yangon,Fashion,Accessories,202.34,Ewallet
01-02-2019,Mandalay,Sports,Travel,281.17,Credit card
1-15-2019,Naypyitaw,Electronic,Accessories,586.64,Cash
01-01-2019,Naypyitaw,Sports,Travel,184.09,Ewallet
2-15-2019,Yangon,Fashion,Accessories,163.61,Cash
2-28-2019,Mandalay,Electronic,Accessories,63.32,Cash
03-02-2019,Yangon,Sports,Travel,82.89,Credit card
2-13-2019,Naypyitaw,Food,Beverages,31.23,Credit card
1-26-2019,Yangon,Fashion,Accessories,22.39,Cash
1-30-2019,Yangon,Electronic,Accessories,295.41,Credit card
1-27-2019,Yangon,Electronic,Accessories,76.92,Ewallet
1-30-2019,Naypyitaw,Sports,Travel,23.5,Credit card
01-08-2019,Naypyitaw,Food,Beverages,688.72,Cash
1-19-2019,Yangon,Fashion,Accessories,624.33,Cash
1-25-2019,Yangon,Fashion,Accessories,77.81,Cash
2-19-2019,Yangon,Fashion,Accessories,206.81,Ewallet
1-14-2019,Naypyitaw,Health,Beauty,390.95,Ewallet
2-25-2019,Mandalay,Electronic,Accessories,554.3,Ewallet
1-23-2019,Yangon,Health,Beauty,503.74,Ewallet
2-16-2019,Mandalay,Fashion,Accessories,345.02,Cash
01-01-2019,Mandalay,Food,Beverages,177.41,Cash
03-07-2019,Yangon,Home,Lifestyle,118.9,Cash
2-15-2019,Mandalay,Health,Beauty,362.82,Cash
1-23-2019,Yangon,Food,Beverages,450.1,Cash
2-20-2019,Naypyitaw,Home,Lifestyle,90.58,Ewallet
01-08-2019,Yangon,Sports,Travel,26.8,Ewallet
3-17-2019,Mandalay,Home,Lifestyle,106.6,Credit card
01-12-2019,Mandalay,Home,Lifestyle,375.36,Cash
01-08-2019,Yangon,Electronic,Accessories,250.71,Cash
1-26-2019,Naypyitaw,Health,Beauty,106.5,Ewallet
3-15-2019,Mandalay,Sports,Travel,760.45,Credit card
1-17-2019,Naypyitaw,Health,Beauty,131.92,Ewallet
01-08-2019,Naypyitaw,Food,Beverages,76.58,Credit card
01-06-2019,Yangon,Sports,Travel,271.28,Ewallet
2-16-2019,Yangon,Food,Beverages,182.43,Credit card
3-13-2019,Naypyitaw,Fashion,Accessories,59.33,Ewallet
1-28-2019,Mandalay,Electronic,Accessories,225.02,Cash
1-18-2019,Yangon,Sports,Travel,561.08,Cash
3-19-2019,Yangon,Home,Lifestyle,97.82,Credit card
3-15-2019,Naypyitaw,Home,Lifestyle,548.18,Ewallet
02-12-2019,Naypyitaw,Fashion,Accessories,54.97,Cash
2-25-2019,Mandalay,Electronic,Accessories,41.74,Cash
3-21-2019,Yangon,Electronic,Accessories,756.17,Credit card
1-19-2019,Mandalay,Electronic,Accessories,101.64,Ewallet
01-08-2019,Mandalay,Food,Beverages,348.71,Ewallet
3-30-2019,Naypyitaw,Fashion,Accessories,85.51,Credit card
2-20-2019,Mandalay,Sports,Travel,335.9,Credit card
3-30-2019,Yangon,Home,Lifestyle,216.85,Ewallet
3-19-2019,Yangon,Food,Beverages,175.01,Cash
1-13-2019,Yangon,Sports,Travel,335.01,Cash
02-05-2019,Yangon,Food,Beverages,92.3,Ewallet
3-23-2019,Yangon,Electronic,Accessories,771.44,Ewallet
3-13-2019,Naypyitaw,Fashion,Accessories,102.4,Ewallet
3-17-2019,Yangon,Sports,Travel,807.66,Ewallet
2-21-2019,Naypyitaw,Health,Beauty,439.22,Cash
02-07-2019,Mandalay,Electronic,Accessories,486.44,Cash
03-02-2019,Naypyitaw,Fashion,Accessories,485.57,Credit card
03-06-2019,Mandalay,Electronic,Accessories,149,Cash
02-06-2019,Mandalay,Electronic,Accessories,317.84,Credit card
1-28-2019,Mandalay,Health,Beauty,832.94,Credit card
1-18-2019,Naypyitaw,Fashion,Accessories,446.44,Ewallet
02-05-2019,Naypyitaw,Food,Beverages,297.8,Cash
03-02-2019,Naypyitaw,Health,Beauty,629.16,Cash
02-09-2019,Yangon,Food,Beverages,331.13,Ewallet
1-14-2019,Naypyitaw,Electronic,Accessories,423.74,Credit card
02-09-2019,Mandalay,Home,Lifestyle,193.07,Ewallet
3-26-2019,Yangon,Health,Beauty,145.58,Credit card
1-28-2019,Yangon,Food,Beverages,84.75,Cash
2-14-2019,Naypyitaw,Health,Beauty,122.47,Ewallet
3-24-2019,Naypyitaw,Home,Lifestyle,329.2,Cash
02-09-2019,Naypyitaw,Health,Beauty,888.41,Credit card
3-24-2019,Mandalay,Health,Beauty,435.12,Credit card
3-27-2019,Yangon,Food,Beverages,167.03,Ewallet
1-27-2019,Mandalay,Home,Lifestyle,514.61,Credit card
3-27-2019,Mandalay,Food,Beverages,91.82,Credit card
1-19-2019,Naypyitaw,Electronic,Accessories,235.75,Ewallet
02-07-2019,Yangon,Home,Lifestyle,782.21,Cash
1-31-2019,Yangon,Fashion,Accessories,431.26,Ewallet
2-25-2019,Yangon,Food,Beverages,313.74,Cash
02-02-2019,Naypyitaw,Electronic,Accessories,223.59,Cash
3-14-2019,Naypyitaw,Sports,Travel,44.99,Credit card
03-11-2019,Yangon,Fashion,Accessories,397.61,Cash
2-22-2019,Mandalay,Home,Lifestyle,217.26,Ewallet
03-02-2019,Mandalay,Electronic,Accessories,82.72,Ewallet
03-10-2019,Naypyitaw,Home,Lifestyle,338.22,Credit card
02-08-2019,Mandalay,Home,Lifestyle,103.13,Cash
2-22-2019,Naypyitaw,Home,Lifestyle,26.73,Credit card
01-10-2019,Naypyitaw,Sports,Travel,611.08,Credit card
3-14-2019,Naypyitaw,Sports,Travel,221.89,Ewallet
01-10-2019,Mandalay,Electronic,Accessories,57.88,Ewallet
2-15-2019,Mandalay,Sports,Travel,92.73,Credit card
1-13-2019,Yangon,Health,Beauty,374.41,Credit card
2-15-2019,Mandalay,Electronic,Accessories,833.96,Credit card
03-02-2019,Mandalay,Sports,Travel,53.15,Ewallet
3-24-2019,Mandalay,Home,Lifestyle,629.5,Ewallet
02-02-2019,Naypyitaw,Fashion,Accessories,175.04,Credit card
2-27-2019,Yangon,Food,Beverages,781.62,Ewallet
1-20-2019,Naypyitaw,Health,Beauty,470.99,Ewallet
01-03-2019,Mandalay,Home,Lifestyle,397.85,Ewallet
1-24-2019,Naypyitaw,Home,Lifestyle,270.02,Ewallet
01-05-2019,Naypyitaw,Health,Beauty,579.84,Ewallet
3-30-2019,Yangon,Sports,Travel,469.77,Cash
2-17-2019,Yangon,Health,Beauty,290.08,Cash
3-21-2019,Naypyitaw,Food,Beverages,360.93,Ewallet
03-02-2019,Yangon,Food,Beverages,279.38,Ewallet
3-27-2019,Naypyitaw,Fashion,Accessories,943.3,Cash
1-19-2019,Yangon,Home,Lifestyle,479.64,Ewallet
2-19-2019,Yangon,Health,Beauty,266.65,Credit card
3-28-2019,Yangon,Health,Beauty,74.09,Cash
01-05-2019,Yangon,Electronic,Accessories,690.02,Credit card
3-26-2019,Naypyitaw,Electronic,Accessories,176.93,Credit card
02-03-2019,Mandalay,Fashion,Accessories,56.47,Ewallet
02-06-2019,Naypyitaw,Home,Lifestyle,188,Ewallet
2-24-2019,Mandalay,Food,Beverages,222.01,Ewallet
2-21-2019,Mandalay,Health,Beauty,125.72,Ewallet
01-09-2019,Mandalay,Home,Lifestyle,68.99,Ewallet
2-25-2019,Mandalay,Food,Beverages,263.97,Ewallet
1-13-2019,Naypyitaw,Food,Beverages,88.37,Cash
02-09-2019,Mandalay,Home,Lifestyle,415.23,Cash
01-06-2019,Yangon,Fashion,Accessories,312.89,Cash
01-10-2019,Naypyitaw,Food,Beverages,477.13,Cash
02-07-2019,Mandalay,Electronic,Accessories,289.93,Cash
01-09-2019,Naypyitaw,Home,Lifestyle,165.9,Cash
2-19-2019,Yangon,Food,Beverages,932.34,Cash
3-18-2019,Naypyitaw,Fashion,Accessories,96.58,Cash
02-05-2019,Yangon,Electronic,Accessories,43.87,Cash
3-19-2019,Yangon,Fashion,Accessories,16.28,Credit card
3-30-2019,Naypyitaw,Electronic,Accessories,304.98,Cash
1-26-2019,Mandalay,Food,Beverages,69.99,Credit card
03-02-2019,Mandalay,Electronic,Accessories,80.37,Credit card
03-04-2019,Yangon,Home,Lifestyle,314.69,Ewallet
1-13-2019,Yangon,Home,Lifestyle,255.18,Credit card
3-25-2019,Yangon,Health,Beauty,49.77,Cash
03-11-2019,Mandalay,Electronic,Accessories,181.07,Credit card
01-01-2019,Mandalay,Food,Beverages,888.62,Credit card
02-10-2019,Mandalay,Home,Lifestyle,271.29,Ewallet
1-26-2019,Mandalay,Electronic,Accessories,640.04,Cash
02-11-2019,Yangon,Home,Lifestyle,252.25,Cash
02-07-2019,Naypyitaw,Fashion,Accessories,180.87,Cash
03-06-2019,Mandalay,Fashion,Accessories,104.83,Credit card
03-04-2019,Yangon,Food,Beverages,313.57,Cash
2-26-2019,Mandalay,Food,Beverages,167.58,Ewallet
03-10-2019,Mandalay,Electronic,Accessories,26.72,Credit card
02-04-2019,Mandalay,Food,Beverages,71.16,Credit card
1-19-2019,Naypyitaw,Food,Beverages,250.28,Cash
1-23-2019,Yangon,Health,Beauty,244.23,Cash
3-14-2019,Yangon,Sports,Travel,921.19,Ewallet
1-23-2019,Naypyitaw,Health,Beauty,734.71,Cash
01-09-2019,Naypyitaw,Electronic,Accessories,708.32,Cash
02-07-2019,Mandalay,Fashion,Accessories,334.48,Ewallet
2-18-2019,Mandalay,Health,Beauty,31,Ewallet
01-03-2019,Mandalay,Health,Beauty,520.8,Credit card
3-29-2019,Naypyitaw,Electronic,Accessories,864.57,Ewallet
1-28-2019,Mandalay,Health,Beauty,633.11,Credit card
3-22-2019,Yangon,Food,Beverages,296.94,Credit card
1-24-2019,Mandalay,Sports,Travel,804.3,Ewallet
03-10-2019,Yangon,Electronic,Accessories,121.86,Ewallet
2-22-2019,Mandalay,Fashion,Accessories,183.65,Ewallet
2-18-2019,Naypyitaw,Electronic,Accessories,64,Ewallet
1-29-2019,Naypyitaw,Health,Beauty,42.37,Ewallet
03-02-2019,Mandalay,Home,Lifestyle,1022.49,Ewallet
02-09-2019,Yangon,Food,Beverages,33.43,Cash
2-22-2019,Yangon,Home,Lifestyle,69.11,Cash
2-18-2019,Yangon,Fashion,Accessories,649.3,Cash
